ps_url,ps_product_name,ps_original_price,ps_price,ps_stock,ps_product_weight,ps_days_to_ship,ps_shipping_fee,ps_store_name,ps_store_item_rating,ps_store_communication_rating,ps_store_speed_rating,ps_size,ps_num_bought,ps_num_of_feedback,ps_img_1,ps_img_2,ps_img_3,ps_img_4,ps_img_5,ps_img_6,ps_img_7,ps_img_8,ps_img_9
https://www.aliexpress.com/store/product/Cute-cartoon-shower-bath-cap-women-hat-for-baths-and-saunas-lace-elastic-band-cap-spa/1779175_32695395983.html,Cute cartoon shower bath cap women hat for baths and saunas lace elastic band cap spa cap women kids hair protective cap,1.11,0.68,46683,,18,Free Shipping,Livingcraft Museum Store,4.8,4.8,4.6,,1946,1743,https://ae01.alicdn.com/kf/HTB1OBTdgvBNTKJjy1zdq6yScpXap/Cute-cartoon-shower-bath-cap-women-hat-for-baths-and-saunas-lace-elastic-band-cap-spa.jpg,https://ae01.alicdn.com/kf/HTB1OpyahjuhSKJjSspaq6xFgFXad/Cute-cartoon-shower-bath-cap-women-hat-for-baths-and-saunas-lace-elastic-band-cap-spa.jpg,https://ae01.alicdn.com/kf/HTB1JqblqBcHL1JjSZJiq6AKcpXaf/Cute-cartoon-shower-bath-cap-women-hat-for-baths-and-saunas-lace-elastic-band-cap-spa.jpg,https://ae01.alicdn.com/kf/HTB1hcV0g0XXWeJjSZFvq6y6lpXaL/Cute-cartoon-shower-bath-cap-women-hat-for-baths-and-saunas-lace-elastic-band-cap-spa.jpg,https://ae01.alicdn.com/kf/HTB1xxbwqC3PL1JjSZFxq6ABBVXas/Cute-cartoon-shower-bath-cap-women-hat-for-baths-and-saunas-lace-elastic-band-cap-spa.jpg,https://ae01.alicdn.com/kf/HTB1HrBnXJPJ3eJjSZFLq6yb3FXaY/Cute-cartoon-shower-bath-cap-women-hat-for-baths-and-saunas-lace-elastic-band-cap-spa.jpg,,,
https://www.aliexpress.com/store/product/2-Sizes-Travel-Pouch-Storage-Portable-Tote-Drawstring-Bag-Organizer-Cover-Non-Woven-Laundry-Shoes-Bag/1779175_32816998761.html,2 Sizes Travel Bag Pouch Waterproof Storage Shoes Bag Portable Tote Drawstring Bag Organizer Cover Non-Woven Laundry Organizador,1.09,0.72,38311,,18,Free Shipping,Livingcraft Museum Store,4.8,4.8,4.6,,590,300,https://ae01.alicdn.com/kf/HTB1ADMof.1HTKJjSZFmq6xeYFXaW/2-Sizes-Travel-Bag-Pouch-Waterproof-Storage-Shoes-Bag-Portable-Tote-Drawstring-Bag-Organizer-Cover-Non.jpg,https://ae01.alicdn.com/kf/HTB1bxt2nBcHL1JjSZJiq6AKcpXaR/2-Sizes-Travel-Bag-Pouch-Waterproof-Storage-Shoes-Bag-Portable-Tote-Drawstring-Bag-Organizer-Cover-Non.jpg,https://ae01.alicdn.com/kf/HTB16O7ni3oQMeJjy0Fpq6ATxpXaO/2-Sizes-Travel-Bag-Pouch-Waterproof-Storage-Shoes-Bag-Portable-Tote-Drawstring-Bag-Organizer-Cover-Non.jpg,https://ae01.alicdn.com/kf/HTB1Sowof.1HTKJjSZFmq6xeYFXa8/2-Sizes-Travel-Bag-Pouch-Waterproof-Storage-Shoes-Bag-Portable-Tote-Drawstring-Bag-Organizer-Cover-Non.jpg,https://ae01.alicdn.com/kf/HTB1LehOm5FTMKJjSZFAq6AkJpXaO/2-Sizes-Travel-Bag-Pouch-Waterproof-Storage-Shoes-Bag-Portable-Tote-Drawstring-Bag-Organizer-Cover-Non.jpg,https://ae01.alicdn.com/kf/HTB12.Uof.1HTKJjSZFmq6xeYFXak/2-Sizes-Travel-Bag-Pouch-Waterproof-Storage-Shoes-Bag-Portable-Tote-Drawstring-Bag-Organizer-Cover-Non.jpg,,,
https://www.aliexpress.com/store/product/Portable-Toothbrush-Toothpaste-Holder-Outdoor-Travel-Hiking-Camping-Toothbrush-Holder-Cap-Case-Household-Storage-Cup/1779175_32817444044.html,Portable Travel Toothpaste Toothbrush Holder Cap Case Household Storage Cup Outdoor Holder Bathroom Accessories para banheiro,1.69,1.37,2597,,18,Free Shipping,Livingcraft Museum Store,4.8,4.8,4.6,,331,73,https://ae01.alicdn.com/kf/HTB1M7eGRVXXXXcfXXXXq6xXFXXX1/Portable-Travel-Toothpaste-Toothbrush-Holder-Cap-Case-Household-Storage-Cup-Outdoor-Holder-Bathroom-Accessories-para-banheiro.jpg,https://ae01.alicdn.com/kf/HTB1I_eBRVXXXXX3XpXXq6xXFXXXM/Portable-Travel-Toothpaste-Toothbrush-Holder-Cap-Case-Household-Storage-Cup-Outdoor-Holder-Bathroom-Accessories-para-banheiro.jpg,https://ae01.alicdn.com/kf/HTB1Uk9IRVXXXXbFXXXXq6xXFXXXs/Portable-Travel-Toothpaste-Toothbrush-Holder-Cap-Case-Household-Storage-Cup-Outdoor-Holder-Bathroom-Accessories-para-banheiro.jpg,https://ae01.alicdn.com/kf/HTB1ZruNRVXXXXXbXXXXq6xXFXXXg/Portable-Travel-Toothpaste-Toothbrush-Holder-Cap-Case-Household-Storage-Cup-Outdoor-Holder-Bathroom-Accessories-para-banheiro.jpg,https://ae01.alicdn.com/kf/HTB19uJVRVXXXXXIapXXq6xXFXXXH/Portable-Travel-Toothpaste-Toothbrush-Holder-Cap-Case-Household-Storage-Cup-Outdoor-Holder-Bathroom-Accessories-para-banheiro.jpg,https://ae01.alicdn.com/kf/HTB1Na8YRVXXXXbHaXXXq6xXFXXXN/Portable-Travel-Toothpaste-Toothbrush-Holder-Cap-Case-Household-Storage-Cup-Outdoor-Holder-Bathroom-Accessories-para-banheiro.jpg,,,
https://www.aliexpress.com/store/product/Creative-cute-fruit-pick-whale-food-pink-dessert-cake-fork-holder-dining-table-decor-home-kitchen/1779175_32693126353.html,Creative cute fruit pick whale food pink dessert cake fork holder dining table decor home kitchen useful party utensils,1.49,1.21,9302,,18,Free Shipping,Livingcraft Museum Store,4.8,4.8,4.6,,453,257,https://ae01.alicdn.com/kf/HTB1znA1KFXXXXaKXFXXq6xXFXXXv/Creative-cute-fruit-pick-whale-food-pink-dessert-cake-fork-holder-dining-table-decor-home-kitchen.jpg,https://ae01.alicdn.com/kf/HTB1l0JdKVXXXXXDXXXXq6xXFXXXx/Creative-cute-fruit-pick-whale-food-pink-dessert-cake-fork-holder-dining-table-decor-home-kitchen.jpg,https://ae01.alicdn.com/kf/HTB1ASWjKVXXXXbzXFXXq6xXFXXX9/Creative-cute-fruit-pick-whale-food-pink-dessert-cake-fork-holder-dining-table-decor-home-kitchen.jpg,https://ae01.alicdn.com/kf/HTB1fGs1KFXXXXbKXFXXq6xXFXXXb/Creative-cute-fruit-pick-whale-food-pink-dessert-cake-fork-holder-dining-table-decor-home-kitchen.jpg,https://ae01.alicdn.com/kf/HTB1Oss1KFXXXXcOXpXXq6xXFXXXa/Creative-cute-fruit-pick-whale-food-pink-dessert-cake-fork-holder-dining-table-decor-home-kitchen.jpg,https://ae01.alicdn.com/kf/HTB1FAwLKFXXXXcxaXXXq6xXFXXX8/Creative-cute-fruit-pick-whale-food-pink-dessert-cake-fork-holder-dining-table-decor-home-kitchen.jpg,,,
https://www.aliexpress.com/store/product/New-Plastic-Bread-Pastry-Lattice-Roller-Cutter-DIY-Baking-Cake-Cookie-Pie-Pizza-Roller-Cutter-Embossing/1779175_32634809322.html,high Quality Small Size Plastic Baking Tool Cookie Pie Pizza Pastry Lattice Roller Cutter Craft kitchen accessories,2.1,1.91,8935,,18,Free Shipping,Livingcraft Museum Store,4.8,4.8,4.6,,513,332,https://ae01.alicdn.com/kf/HTB1OeTCKpXXXXbfXVXXq6xXFXXXo/high-Quality-Small-Size-Plastic-Baking-Tool-Cookie-Pie-Pizza-Pastry-Lattice-Roller-Cutter-Craft-kitchen.jpg,https://ae01.alicdn.com/kf/HTB1aVJxMXXXXXaIXpXXq6xXFXXX2/high-Quality-Small-Size-Plastic-Baking-Tool-Cookie-Pie-Pizza-Pastry-Lattice-Roller-Cutter-Craft-kitchen.jpg,https://ae01.alicdn.com/kf/HTB1oHBnMXXXXXc2XVXXq6xXFXXXZ/high-Quality-Small-Size-Plastic-Baking-Tool-Cookie-Pie-Pizza-Pastry-Lattice-Roller-Cutter-Craft-kitchen.jpg,https://ae01.alicdn.com/kf/HTB1wFVrMXXXXXaGXVXXq6xXFXXXs/high-Quality-Small-Size-Plastic-Baking-Tool-Cookie-Pie-Pizza-Pastry-Lattice-Roller-Cutter-Craft-kitchen.jpg,https://ae01.alicdn.com/kf/HTB15gy7OVXXXXbHaXXXq6xXFXXXP/high-Quality-Small-Size-Plastic-Baking-Tool-Cookie-Pie-Pizza-Pastry-Lattice-Roller-Cutter-Craft-kitchen.jpg,https://ae01.alicdn.com/kf/HTB1q79_OVXXXXX.aXXXq6xXFXXXf/high-Quality-Small-Size-Plastic-Baking-Tool-Cookie-Pie-Pizza-Pastry-Lattice-Roller-Cutter-Craft-kitchen.jpg,,,
https://www.aliexpress.com/store/product/40Cm-Dog-Cat-Pet-Electric-Blanket-Pads-Pet-Puppy-Mats-Kitten-Heat-Pad-Bunny-Heater-Mat/1779175_32838108525.html,40Cm Dog Cat Pet Electric Blanket Pads Pet Puppy Mats Kitten Heat Pad Bunny Heater Mat Blanket For Cat Dog Accessories,4.11,3.33,987,,18,Free Shipping,Livingcraft Museum Store,4.8,4.8,4.6,,14,0,https://ae01.alicdn.com/kf/HTB1d0wYnaagSKJjy0Fbq6y.mVXaQ/40Cm-Dog-Cat-Pet-Electric-Blanket-Pads-Pet-Puppy-Mats-Kitten-Heat-Pad-Bunny-Heater-Mat.jpg,https://ae01.alicdn.com/kf/HTB1vtBXXgnD8KJjy1Xdq6yZsVXan/40Cm-Dog-Cat-Pet-Electric-Blanket-Pads-Pet-Puppy-Mats-Kitten-Heat-Pad-Bunny-Heater-Mat.jpg,https://ae01.alicdn.com/kf/HTB1OUWtmLBNTKJjy1zdq6yScpXar/40Cm-Dog-Cat-Pet-Electric-Blanket-Pads-Pet-Puppy-Mats-Kitten-Heat-Pad-Bunny-Heater-Mat.jpg,https://ae01.alicdn.com/kf/HTB1rceyrrsTMeJjy1zeq6AOCVXat/40Cm-Dog-Cat-Pet-Electric-Blanket-Pads-Pet-Puppy-Mats-Kitten-Heat-Pad-Bunny-Heater-Mat.jpg,https://ae01.alicdn.com/kf/HTB13U1tmLBNTKJjy1zdq6yScpXan/40Cm-Dog-Cat-Pet-Electric-Blanket-Pads-Pet-Puppy-Mats-Kitten-Heat-Pad-Bunny-Heater-Mat.jpg,https://ae01.alicdn.com/kf/HTB1bOtxnqmgSKJjSspiq6xyJFXaQ/40Cm-Dog-Cat-Pet-Electric-Blanket-Pads-Pet-Puppy-Mats-Kitten-Heat-Pad-Bunny-Heater-Mat.jpg,,,
https://www.aliexpress.com/store/product/New-3Pcs-set-Plastic-Dough-Icing-Fondant-Scraper-Cake-Decorating-Baking-Pastry-Tools-Plain-Smooth-Jagged/1779175_32645918357.html,New 2pcs/Set Butterfly Cookie Plunger Cutters Mould Cake Fondant Decorating mould Dough Ice Pastry Slicer Baking Tools,1.36,1.1,8228,,18,Free Shipping,Livingcraft Museum Store,4.8,4.8,4.6,,1788,1630,https://ae01.alicdn.com/kf/HTB1bSb_OpXXXXarXpXXq6xXFXXXP/New-2pcs-Set-Butterfly-Cookie-Plunger-Cutters-Mould-Cake-Fondant-Decorating-mould-Dough-Ice-Pastry-Slicer.jpg,https://ae01.alicdn.com/kf/HTB1OfN1KVXXXXc2apXXq6xXFXXXX/New-2pcs-Set-Butterfly-Cookie-Plunger-Cutters-Mould-Cake-Fondant-Decorating-mould-Dough-Ice-Pastry-Slicer.jpg,https://ae01.alicdn.com/kf/HTB1N9hhMpXXXXb2XXXXq6xXFXXXT/New-2pcs-Set-Butterfly-Cookie-Plunger-Cutters-Mould-Cake-Fondant-Decorating-mould-Dough-Ice-Pastry-Slicer.jpg,https://ae01.alicdn.com/kf/HTB1NwMWMXXXXXX5XVXXq6xXFXXXL/New-2pcs-Set-Butterfly-Cookie-Plunger-Cutters-Mould-Cake-Fondant-Decorating-mould-Dough-Ice-Pastry-Slicer.jpg,https://ae01.alicdn.com/kf/HTB1Rl4kMpXXXXaqXXXXq6xXFXXXE/New-2pcs-Set-Butterfly-Cookie-Plunger-Cutters-Mould-Cake-Fondant-Decorating-mould-Dough-Ice-Pastry-Slicer.jpg,https://ae01.alicdn.com/kf/HTB1XOldMpXXXXXnXpXXq6xXFXXXW/New-2pcs-Set-Butterfly-Cookie-Plunger-Cutters-Mould-Cake-Fondant-Decorating-mould-Dough-Ice-Pastry-Slicer.jpg,,,
https://www.aliexpress.com/store/product/Creative-soap-holder-with-drain-bathroom-accessory-molds-for-SOAP-sink-sponge-drainage-soap-dish-plastic/1779175_32780670439.html,Creative soap holder with drain bathroom accessory molds for soap sink sponge drainage soap dish plastic box,1.36,1.24,18491,,18,Free Shipping,Livingcraft Museum Store,4.8,4.8,4.6,,982,767,https://ae01.alicdn.com/kf/HTB198sPOFXXXXXtXpXXq6xXFXXXD/Creative-soap-holder-with-drain-bathroom-accessory-molds-for-soap-sink-sponge-drainage-soap-dish-plastic.jpg,https://ae01.alicdn.com/kf/HTB1_zkqOFXXXXbOaXXXq6xXFXXXy/Creative-soap-holder-with-drain-bathroom-accessory-molds-for-soap-sink-sponge-drainage-soap-dish-plastic.jpg,https://ae01.alicdn.com/kf/HTB1T5osOFXXXXa7aXXXq6xXFXXX1/Creative-soap-holder-with-drain-bathroom-accessory-molds-for-soap-sink-sponge-drainage-soap-dish-plastic.jpg,https://ae01.alicdn.com/kf/HTB1IfQCOFXXXXc7XFXXq6xXFXXXY/Creative-soap-holder-with-drain-bathroom-accessory-molds-for-soap-sink-sponge-drainage-soap-dish-plastic.jpg,https://ae01.alicdn.com/kf/HTB191gBefBNTKJjy0Fdq6APpVXau/Creative-soap-holder-with-drain-bathroom-accessory-molds-for-soap-sink-sponge-drainage-soap-dish-plastic.jpg,,,,
https://www.aliexpress.com/store/product/100Pcs-Clear-Bag-Plastic-Grip-Self-Seal-Resealable-Reclosable-Zip-Lock-Bag-Organizer-For-Home-Sundries/1779175_32817376328.html,100Pcs Clear Bag Plastic Grip Self Seal Resealable Reclosable zip lock plastic bags Organizer For Home Sundries Storage Bag,1.09,0.94,718,,18,Free Shipping,Livingcraft Museum Store,4.8,4.8,4.6,,210,95,https://ae01.alicdn.com/kf/HTB1TcXPRVXXXXbeapXXq6xXFXXXe/100Pcs-Clear-Bag-Plastic-Grip-Self-Seal-Resealable-Reclosable-zip-lock-plastic-bags-Organizer-For-Home.jpg,https://ae01.alicdn.com/kf/HTB1C0t1RVXXXXXVXVXXq6xXFXXX3/100Pcs-Clear-Bag-Plastic-Grip-Self-Seal-Resealable-Reclosable-zip-lock-plastic-bags-Organizer-For-Home.jpg,https://ae01.alicdn.com/kf/HTB1VM0SRVXXXXbPaXXXq6xXFXXXz/100Pcs-Clear-Bag-Plastic-Grip-Self-Seal-Resealable-Reclosable-zip-lock-plastic-bags-Organizer-For-Home.jpg,https://ae01.alicdn.com/kf/HTB1vjCcRVXXXXcwXFXXq6xXFXXXH/100Pcs-Clear-Bag-Plastic-Grip-Self-Seal-Resealable-Reclosable-zip-lock-plastic-bags-Organizer-For-Home.jpg,https://ae01.alicdn.com/kf/HTB1JCCARVXXXXcAXXXXq6xXFXXXN/100Pcs-Clear-Bag-Plastic-Grip-Self-Seal-Resealable-Reclosable-zip-lock-plastic-bags-Organizer-For-Home.jpg,https://ae01.alicdn.com/kf/HTB1O6umRVXXXXXmXFXXq6xXFXXXu/100Pcs-Clear-Bag-Plastic-Grip-Self-Seal-Resealable-Reclosable-zip-lock-plastic-bags-Organizer-For-Home.jpg,,,
https://www.aliexpress.com/store/product/3PCs-Mini-hot-sale-Cutting-Sewing-Scissors-shears-Cross-Stitch-Embroidery-Tailor-s-scissors-for-fabric/1779175_32686424317.html,3PCs Mini hot sale Cutting Sewing Scissors shears Cross Stitch Embroidery Tailor's scissors for fabric Sewing Supplies 10.5x2cm,1.88,1.71,352,,18,Free Shipping,Livingcraft Museum Store,4.8,4.8,4.6,,526,337,https://ae01.alicdn.com/kf/HTB1Nc7EKFXXXXXrXpXXq6xXFXXX0/3PCs-Mini-hot-sale-Cutting-Sewing-Scissors-shears-Cross-Stitch-Embroidery-Tailor-s-scissors-for-fabric.jpg,https://ae01.alicdn.com/kf/HTB1iA0kKFXXXXaHXXXXq6xXFXXXd/3PCs-Mini-hot-sale-Cutting-Sewing-Scissors-shears-Cross-Stitch-Embroidery-Tailor-s-scissors-for-fabric.jpg,https://ae01.alicdn.com/kf/HTB1cdruKFXXXXclXXXXq6xXFXXXs/3PCs-Mini-hot-sale-Cutting-Sewing-Scissors-shears-Cross-Stitch-Embroidery-Tailor-s-scissors-for-fabric.jpg,https://ae01.alicdn.com/kf/HTB1V8WmKVXXXXccXpXXq6xXFXXXB/3PCs-Mini-hot-sale-Cutting-Sewing-Scissors-shears-Cross-Stitch-Embroidery-Tailor-s-scissors-for-fabric.jpg,https://ae01.alicdn.com/kf/HTB1k1QUKpXXXXXYapXXq6xXFXXXr/3PCs-Mini-hot-sale-Cutting-Sewing-Scissors-shears-Cross-Stitch-Embroidery-Tailor-s-scissors-for-fabric.jpg,https://ae01.alicdn.com/kf/HTB1mne7KFXXXXahXVXXq6xXFXXXr/3PCs-Mini-hot-sale-Cutting-Sewing-Scissors-shears-Cross-Stitch-Embroidery-Tailor-s-scissors-for-fabric.jpg,,,
