COCOMO ,Beauty & Diet-Skin Care,http://www.qoo10.sg/shop/cocomo, ,44844, ,99977799,6596546430,15548929791
Skin Society SG,Beauty & Diet-Skin Care,http://www.qoo10.sg/shop/skinsocietysg, ,12374, ,,,
Blanc Official Store,Beauty & Diet-Skin Care,http://www.qoo10.sg/shop/Pitt, ,1779, ,,,
WowBeautyShop,Beauty & Diet-Skin Care,http://www.qoo10.sg/shop/wowbeautyshop, ,31472, ,96904323,,15574802091
The Be-Attitudes Shop,Beauty & Diet-Skin Care,http://www.qoo10.sg/shop/be-attitudes, ,1481, ,391774676,,15600244863
Ida Mini Shop,Beauty & Diet-Skin Care,http://www.qoo10.sg/shop/idaminishop, ,4242, ,190728884,65,15600123152
TIVOX,Beauty & Diet-Skin Care,http://www.qoo10.sg/shop/tivox, ,597, ,99579993,,15528652291
SKIN&LAB,Beauty & Diet-Skin Care,http://www.qoo10.sg/shop/skinnlab, ,11239, ,199965190,,15600131577
Waseyo,Beauty & Diet-Skin Care,http://www.qoo10.sg/shop/waseyo, ,24699, ,191834991,,15545329691
MOMO.SG ,Beauty & Diet-Skin Care,http://www.qoo10.sg/shop/makeupstore, ,2521, ,93378370,,15600074524
KOCOSHOP,Beauty & Diet-Skin Care,http://www.qoo10.sg/shop/kocoshop, ,856, ,128311458,,15600330169
Jenny shop,Beauty & Diet-Skin Care,http://www.qoo10.sg/shop/Jennyshop, ,5738, ,20570849,,15550727291
Pretty Shop,Beauty & Diet-Skin Care,http://www.qoo10.sg/shop/PrettyShop, ,36573, ,53552656,,15571619891
House of [Cetaphil],Beauty & Diet-Skin Care,http://www.qoo10.sg/shop/Best_price, ,3798, ,181632351,,15552068491
Princess Pink,Beauty & Diet-Skin Care,http://www.qoo10.sg/shop/princesspink, ,12973, ,197767613,,15525925691
QooLife,Beauty & Diet-Skin Care,http://www.qoo10.sg/shop/QooLife, ,56043, ,64348400,,15572956691
momolove,Beauty & Diet-Skin Care,http://www.qoo10.sg/shop/momolove, ,20696, ,91119943,,15541851391
Veronica Holic,Beauty & Diet-Skin Care,http://www.qoo10.sg/shop/veronicaholic, ,15010, ,134913154,,15540150591
Beauty Carousel,Beauty & Diet-Skin Care,http://www.qoo10.sg/shop/BeautyCarousel, ,5282, ,68419293,,15553442191
CNP Laboratory Singapore,Beauty & Diet-Skin Care,http://www.qoo10.sg/shop/CNPSG, ,11858, ,196414370,,15600086385
CoolDeal,Beauty & Diet-Skin Care,http://www.qoo10.sg/shop/cooldeal, ,6103, ,182333209,,15600136356
Evanesce New York (Official Store),Beauty & Diet-Skin Care,http://www.qoo10.sg/shop/evanescenewyork, ,15056, ,191541451,,15600177212
Best Price BREEZY,Beauty & Diet-Skin Care,http://www.qoo10.sg/shop/breezy, ,35006, ,193362532,,17529470791
♥ Mirrorcle World ♥,Beauty & Diet-Skin Care,http://www.qoo10.sg/shop/MWorld, ,18851, ,88888282,65ex) 1234ex) 567,15540278091
WISHTREND,Beauty & Diet-Skin Care,http://www.qoo10.sg/shop/wishtrend, ,15565, ,87423412,,15574301191
GLAMBOX,Beauty & Diet-Skin Care,http://www.qoo10.sg/shop/glambox, ,13561, ,190096741,,15600207333
Mybeautystory,Beauty & Diet-Skin Care,http://www.qoo10.sg/shop/mybeautystory, ,30969, ,191010066,,15570023491
Beauty Forever,Beauty & Diet-Skin Care,http://www.qoo10.sg/shop/beautyforever, ,1705, ,901826316,,15552188791
Beauty & Fashion,Beauty & Diet-Skin Care,http://www.qoo10.sg/shop/BeautyFashion87, ,167, ,182008082,,15549707191
PassionGadgets,Beauty & Diet-Skin Care,http://www.qoo10.sg/shop/PasssionGadgets, ,21016, ,91814105,6583638705,15528605191
Beauty Rush,Beauty & Diet-Skin Care,http://www.qoo10.sg/shop/beautyrush, ,6159, ,197824411,,15528248491
FLOWITH KOREA,Beauty & Diet-Skin Care,http://www.qoo10.sg/shop/mizonkorea, ,11057, ,176564561,,15597979291
secretkey1,Beauty & Diet-Skin Care,http://www.qoo10.sg/shop/secretkey_JP_sg, ,11024, ,28687097,,17550932691
DREAMBOOK E-STORE,Beauty & Diet-Skin Care,http://www.qoo10.sg/shop/dreambook_58, ,7150, ,638115566,,15566102991
Vera Vanity,Beauty & Diet-Skin Care,http://www.qoo10.sg/shop/veravanity, ,22, ,,,
Beauty  Outlet,Beauty & Diet-Skin Care,http://www.qoo10.sg/shop/beautyoutlets, ,26467, ,291010066,6591010066,15546687891
All My Stuffs,Beauty & Diet-Skin Care,http://www.qoo10.sg/shop/allmystuffs, ,27567, ,926388659,6567773936,15600287670
Fancy Lifestyle Products,Beauty & Diet-Skin Care,http://www.qoo10.sg/shop/FancyLifestyles, ,334, ,194510281,,15528594691
Queen Of Mask,Beauty & Diet-Skin Care,http://www.qoo10.sg/shop/queenofmask, ,2348, ,81898880,,15547592691
eMedic,Beauty & Diet-Skin Care,http://www.qoo10.sg/shop/eMedic, ,1688, ,290032361,,15600200764
ILOVENATURAL,Beauty & Diet-Skin Care,http://www.qoo10.sg/shop/ilovenatural, ,11893, ,190266880,,15560492491
BeautyFusion Store,Beauty & Diet-Skin Care,http://www.qoo10.sg/shop/BeautyFusion, ,5793, ,290304658,,15550171791
MKUP SG Official e-Store,Beauty & Diet-Skin Care,http://www.qoo10.sg/shop/MKUP, ,9862, ,91734343,,15550794491
Luminouskin,Beauty & Diet-Skin Care,http://www.qoo10.sg/shop/Luminouskin, ,1106, ,97505108,6597505108,15544332391
keto88,Beauty & Diet-Skin Care,http://www.qoo10.sg/shop/keto, ,3849, ,235020656,,15560236891
iQueen,Beauty & Diet-Skin Care,http://www.qoo10.sg/shop/iqueensg, ,11057, ,184289664,,15600030530
Be Beaute,Beauty & Diet-Skin Care,http://www.qoo10.sg/shop/bebeaute, ,7538, ,390688902,,15567006591
MANYO FACTORY,Beauty & Diet-Skin Care,http://www.qoo10.sg/shop/manyofactory, ,3978, ,190776996,,15554952991
COSME-DE.COM,Beauty & Diet-Skin Care,http://www.qoo10.sg/shop/cosme-de, ,12177, ,33390000,,15600399668
IceBow,Beauty & Diet-Skin Care,http://www.qoo10.sg/shop/icebow, ,46, ,82867736,,15552135991
prettycos_SG,Beauty & Diet-Skin Care,http://www.qoo10.sg/shop/prettycos_SG, ,738, ,39931131,,17552976591
KSCO,Beauty & Diet-Skin Care,http://www.qoo10.sg/shop/KSCOSG, ,2275, ,,,
Suu Balm ,Beauty & Diet-Skin Care,http://www.qoo10.sg/shop/suubalm, ,10994, ,98483725,,15562675491
Dreambeauty,Beauty & Diet-Skin Care,http://www.qoo10.sg/shop/dreambeauty, ,2464, ,97716056,,15549207791
Beauti Topping,Beauty & Diet-Skin Care,http://www.qoo10.sg/shop/beauti_topping_JP_sg, ,26598, ,73889669,,17554876491
The Beauty Workroom,Beauty & Diet-Skin Care,http://www.qoo10.sg/shop/thebeautyworkroom, ,5684, ,197723771,,15554559091
My Lovely Closet,Beauty & Diet-Skin Care,http://www.qoo10.sg/shop/MyLovelyCloset, ,968, ,191918549,,15543571391
QLABO SKINCARE,Beauty & Diet-Skin Care,http://www.qoo10.sg/shop/qlaboskincare, ,755, ,,,
Super Beautiful ,Beauty & Diet-Skin Care,http://www.qoo10.sg/shop/superbeautiful, ,1544, ,62355766,,15551964491
Natural Living,Beauty & Diet-Skin Care,http://www.qoo10.sg/shop/naturaliving, ,1827, ,97688874,,15528723291
KOCOBOX SHOP,Beauty & Diet-Skin Care,http://www.qoo10.sg/shop/KOCOBOX_SG, ,2248, ,53643899,,19546091191
Crystal Beauty,Beauty & Diet-Skin Care,http://www.qoo10.sg/shop/Crystal_Beauty, ,15308, ,29537657,,15551958391
theGoldAlps,Beauty & Diet-Skin Care,http://www.qoo10.sg/shop/theGoldAlps, ,9559, ,91552086,,15539837491
JAINASOO,Beauty & Diet-Skin Care,http://www.qoo10.sg/shop/jaina, ,89, ,128428234,,15599144591
Look @ me,Beauty & Diet-Skin Care,http://www.qoo10.sg/shop/Look-at-me, ,1005, ,35298677,,15551539291
Faces Atelier,Beauty & Diet-Skin Care,http://www.qoo10.sg/shop/FacesAtelier, ,237, ,190990692,,15600022909
Succulent Deals,Beauty & Diet-Skin Care,http://www.qoo10.sg/shop/JoeC, ,178, ,97720362,,15544456191
Earlypicker,Beauty & Diet-Skin Care,http://www.qoo10.sg/shop/earlypicker, ,32, ,,,
Natbeau,Beauty & Diet-Skin Care,http://www.qoo10.sg/shop/natbeau, ,1807, ,96608906,,15526859091
YuYu,Beauty & Diet-Skin Care,http://www.qoo10.sg/shop/yuyusg, ,41947, ,493867120,6587983737,15541385991
BeautyAllure,Beauty & Diet-Skin Care,http://www.qoo10.sg/shop/BeautyAllure, ,985, ,190887477,,15549147591
RoseroseShop,Beauty & Diet-Skin Care,http://www.qoo10.sg/shop/roseroseshop, ,5085, ,97320326,,15542274991
safeever,Beauty & Diet-Skin Care,http://www.qoo10.sg/shop/safeever, ,545, ,43380709,,15529517091
Femme Beauty Wholesales Centre,Beauty & Diet-Skin Care,http://www.qoo10.sg/shop/femmebeauty, ,6647, ,85186894,,15540470591
TheBeautyQueen,Beauty & Diet-Skin Care,http://www.qoo10.sg/shop/thebeautyqueen, ,21324, ,196814488,,15600143246
BeautybuyKorea,Beauty & Diet-Skin Care,http://www.qoo10.sg/shop/beautybuykorea, ,195, ,176869300,,15551017291
faceandbodysg,Beauty & Diet-Skin Care,http://www.qoo10.sg/shop/faceandbodysg, ,741, ,62942279,6584983084,15529268991
prestige beauty,Beauty & Diet-Skin Care,http://www.qoo10.sg/shop/prestigebeauty, ,233, ,191826632,6591826632,15547573391
Hyemi Shop,Beauty & Diet-Skin Care,http://www.qoo10.sg/shop/hyemishop1, ,6581, ,291473519,,15542717391
MK-MALL,Beauty & Diet-Skin Care,http://www.qoo10.sg/shop/MK-MALL_JP_sg, ,8950, ,14420069,,17527251291
SWC cosmetics,Beauty & Diet-Skin Care,http://www.qoo10.sg/shop/swc, ,1034, ,140400029,,15596004191
yiqingjewelry,Beauty & Diet-Skin Care,http://www.qoo10.sg/shop/yiqingjewelry, ,4563, ,38714886,8613930448406,15528593691
Thunderbird,Beauty & Diet-Skin Care,http://www.qoo10.sg/shop/thunderbird, ,69, ,190051865,,15600254592
Nature's Mart,Beauty & Diet-Skin Care,http://www.qoo10.sg/shop/NaturesMart, ,1587, ,196967290,,15549277691
Secret Key,Beauty & Diet-Skin Care,http://www.qoo10.sg/shop/Secretkey, ,2459, ,253998276,,15526054791
KA RA ❤,Beauty & Diet-Skin Care,http://www.qoo10.sg/shop/karalove, ,1698, ,81633062,,15553773991
LmallOnline.com,Beauty & Diet-Skin Care,http://www.qoo10.sg/shop/lmall, ,15303, ,596782033,6596782033,15564069991
Simply For Life,Beauty & Diet-Skin Care,http://www.qoo10.sg/shop/Simply4life, ,6119, ,191007891,,15545928491
dGuru,Beauty & Diet-Skin Care,http://www.qoo10.sg/shop/dGuru, ,3921, ,197858385,,15600274356
THE TREND SHOP,Beauty & Diet-Skin Care,http://www.qoo10.sg/shop/tktrend, ,566, ,20985638,,15552339191
White skin,Beauty & Diet-Skin Care,http://www.qoo10.sg/shop/Whiteskin, ,4953, ,,,
hotallysg.com,Beauty & Diet-Skin Care,http://www.qoo10.sg/shop/hotally, ,1577, ,96409667,,15543961291
THE BRO STORE,Beauty & Diet-Skin Care,http://www.qoo10.sg/shop/thebrostore, ,10934, ,196814349,,15577355591
BerryGarden,Beauty & Diet-Skin Care,http://www.qoo10.sg/shop/berrygarden, ,843, ,,,
Lovesome Store,Beauty & Diet-Skin Care,http://www.qoo10.sg/shop/LovesomeStore, ,1262, ,255831660,,15600038885
momo skin,Beauty & Diet-Skin Care,http://www.qoo10.sg/shop/momoskin, ,901, ,196660770,,15600124199
Hebeloft ,Beauty & Diet-Skin Care,http://www.qoo10.sg/shop/hebeloft, ,5805, ,67494674,,15557137491
BeautyQueene,Beauty & Diet-Skin Care,http://www.qoo10.sg/shop/BeautyQueene, ,17, ,192256573,,15600378638
Sentoheal,Beauty & Diet-Skin Care,http://www.qoo10.sg/shop/sentoheal, ,10231, ,97609870,,15600074442
PYXI BEAUTY,Beauty & Diet-Skin Care,http://www.qoo10.sg/shop/pyxi, ,128, ,97818797,,15548487291
I HEART ,Beauty & Diet-Skin Care,http://www.qoo10.sg/shop/iheart, ,26, ,81785350,,15550490791
BioFinest™,Beauty & Diet-Skin Care,http://www.qoo10.sg/shop/biofinest, ,16341, ,82486460,,15558759391
sweetbox,Beauty & Diet-Skin Care,http://www.qoo10.sg/shop/Sweetbox75, ,9812, ,66866142,,15528673091
D.Y.O.N International,Beauty & Diet-Skin Care,http://www.qoo10.sg/shop/Dyoninternational, ,7303, ,65934338,6565096003,15549026591
Dreambook58,Beauty & Diet-Skin Care,http://www.qoo10.sg/shop/dreambook58, ,3463, ,138115566,,15565264791
优物屋,Beauty & Diet-Skin Care,http://www.qoo10.sg/shop/Uwuwu, ,53, ,92328738,,15600004908
Beautify You,Beauty & Diet-Skin Care,http://www.qoo10.sg/shop/BYOU, ,307, ,83317875,,15574870091
OTS STORE,Beauty & Diet-Skin Care,http://www.qoo10.sg/shop/otsstore, ,7444, ,90019231,,15600133099
TheShopKorea,Beauty & Diet-Skin Care,http://www.qoo10.sg/shop/TheShopKorea_US_sg, ,6163, ,53881922,8207041430120,19551466491
AwesomezoneX,Beauty & Diet-Skin Care,http://www.qoo10.sg/shop/awesomezonex, ,1481, ,86081483,,15548525191
iDOORi ,Beauty & Diet-Skin Care,http://www.qoo10.sg/shop/idooritoo, ,384, ,98382424,6586271381,15548197291
theplus beauty,Beauty & Diet-Skin Care,http://www.qoo10.sg/shop/theplus_beauty_sg, ,9826, ,288985744,,17548520791
welcome to odd beauty ,Beauty & Diet-Skin Care,http://www.qoo10.sg/shop/oddbeauty, ,6477, ,172336983,8201086181379,15544955291
Shopping Maven,Beauty & Diet-Skin Care,http://www.qoo10.sg/shop/KidsMaven, ,6266, ,141619077,,15600151135
Mimi Korea Skin Care,Beauty & Diet-Skin Care,http://www.qoo10.sg/shop/KoreaSkinCareSpecialist, ,550, ,82019252,,15552088591
Beautiful.Me,Beauty & Diet-Skin Care,http://www.qoo10.sg/shop/wwwbeautifulme, ,24350, ,190467041,,15578027091
LOOMI Group LLP,Beauty & Diet-Skin Care,http://www.qoo10.sg/shop/loomigroup, ,23, ,98222028,,15540629691
storerooms,Beauty & Diet-Skin Care,http://www.qoo10.sg/shop/storerooms, ,2920, ,187773307,,15550176891
QOOBEAUTY,Beauty & Diet-Skin Care,http://www.qoo10.sg/shop/QOOBEAUTY, ,7439, ,93841300,,15546217191
eShoppingStrawberry,Beauty & Diet-Skin Care,http://www.qoo10.sg/shop/eBerry, ,1741, ,,,
Morenmore,Beauty & Diet-Skin Care,http://www.qoo10.sg/shop/morenmore, ,6642, ,192298522,6591776118,15524946791
Medicube_Singapore,Beauty & Diet-Skin Care,http://www.qoo10.sg/shop/aprilskin, ,878, ,122825775,,15600349499
GSK Singapore,Beauty & Diet-Skin Care,http://www.qoo10.sg/shop/GSKSingapore, ,13463, ,196886558,,15595632091
CICI KOREAN COSMETIC,Beauty & Diet-Skin Care,http://www.qoo10.sg/shop/Cici_korean_cosmetic, ,419, ,198076188,,15600374303
Shoplinker,Beauty & Diet-Skin Care,http://www.qoo10.sg/shop/nemo, ,3539, ,,,
Q-Mart Store,Beauty & Diet-Skin Care,http://www.qoo10.sg/shop/Q-Mart, ,11085, ,297377763,,15545546791
JiaPaLang.com,Beauty & Diet-Skin Care,http://www.qoo10.sg/shop/JiaPaLang, ,228, ,396582088,,15600138697
Hi Korean Fashion,Beauty & Diet-Skin Care,http://www.qoo10.sg/shop/hi-korean-fashion, ,168, ,163528312,,15547032591
Cremerie Moments,Beauty & Diet-Skin Care,http://www.qoo10.sg/shop/cremerie_moments, ,268, ,91827729,6591827729,15569199591
TeBuyInt,Beauty & Diet-Skin Care,http://www.qoo10.sg/shop/TeBuyInt, ,341, ,205190532,,15600217763
My Skincare Secrets,Beauty & Diet-Skin Care,http://www.qoo10.sg/shop/myskincaresecrets, ,9, ,96866287,,15600198545
Makeup E-store,Beauty & Diet-Skin Care,http://www.qoo10.sg/shop/MakeupE-store, ,1507, ,196460942,,15600122621
AMOREPACIFIC,Beauty & Diet-Skin Care,http://www.qoo10.sg/shop/amorepacific, ,15007, ,45125953,,15600383874
1030AM Korean Cosmetics Singapore,Beauty & Diet-Skin Care,http://www.qoo10.sg/shop/1030am, ,3830, ,191681018,,15547864091
JOWEN INC,Beauty & Diet-Skin Care,http://www.qoo10.sg/shop/JowenInc, ,7, ,81685881,,15600265460
MyFairLadyAsia,Beauty & Diet-Skin Care,http://www.qoo10.sg/shop/myfairladyasia, ,554, ,,,
LD Waxson Official Store,Beauty & Diet-Skin Care,http://www.qoo10.sg/shop/Bio-essence, ,2895, ,,6563822822,
NU Beauty,Beauty & Diet-Skin Care,http://www.qoo10.sg/shop/NU_Beauty, ,360, ,596807138,,15600134220
My Fashion Story,Beauty & Diet-Skin Care,http://www.qoo10.sg/shop/myfashionstory, ,3937, ,98510301,,15527813691
cozcoz_sg,Beauty & Diet-Skin Care,http://www.qoo10.sg/shop/ozoz_sg, ,1409, ,,,
1st Avenue,Beauty & Diet-Skin Care,http://www.qoo10.sg/shop/Initialavenue, ,3847, ,91818311,,15550033191
K777,Beauty & Diet-Skin Care,http://www.qoo10.sg/shop/k777, ,0, ,,,
Hi-Seoul Shop,Beauty & Diet-Skin Care,http://www.qoo10.sg/shop/HiSeoulShop, ,544, ,35160232,,15557801691
Korean Cosmetics (K-COS),Beauty & Diet-Skin Care,http://www.qoo10.sg/shop/K-COS, ,79, ,94701859,656844,15557891091
Kawaii Beaute,Beauty & Diet-Skin Care,http://www.qoo10.sg/shop/kawaiibeaute, ,16028, ,196353612,,15552897691
Hush.sg,Beauty & Diet-Skin Care,http://www.qoo10.sg/shop/hushsg, ,720, ,91777366,,15550751491
Maxdeal,Beauty & Diet-Skin Care,http://www.qoo10.sg/shop/maxdeal, ,517, ,90058411,,15600180541
more system,Beauty & Diet-Skin Care,http://www.qoo10.sg/shop/moresystem, ,799, ,46629577,,15549120091
StayBeauty,Beauty & Diet-Skin Care,http://www.qoo10.sg/shop/staybeauty, ,446, ,96975977,,15553194691
Shopzilla,Beauty & Diet-Skin Care,http://www.qoo10.sg/shop/jiejie5818sg, ,571, ,82230649,,15545060291
SG99,Beauty & Diet-Skin Care,http://www.qoo10.sg/shop/sg99, ,1214, ,96635224,,15548626791
Splendideals.sg,Beauty & Diet-Skin Care,http://www.qoo10.sg/shop/Splendideals, ,11496, ,,,
GVS - Good Value Shoppe,Beauty & Diet-Skin Care,http://www.qoo10.sg/shop/goodvalueshoppe, ,3435, ,190045980,,15578132291
Home Shopping Mall,Beauty & Diet-Skin Care,http://www.qoo10.sg/shop/home1, ,2264, ,106477859,,15548308591
THE OIL CULTURE,Beauty & Diet-Skin Care,http://www.qoo10.sg/shop/theoilculture, ,933, ,190238191,,15543702691
Sweet Story,Beauty & Diet-Skin Care,http://www.qoo10.sg/shop/SweetStory, ,2, ,,,
Shop@BeauteSpring,Beauty & Diet-Skin Care,http://www.qoo10.sg/shop/shopbeautespring, ,2223, ,192327574,,15572806591
fresco_sg,Beauty & Diet-Skin Care,http://www.qoo10.sg/shop/fresco_sg, ,1081, ,,,
Webiscompany,Beauty & Diet-Skin Care,http://www.qoo10.sg/shop/webiscompany, ,3, ,122074884,,15600395483
Qtrading-sg,Beauty & Diet-Skin Care,http://www.qoo10.sg/shop/kbrand, ,4231, ,227706134,,15540753391
DEALS 365,Beauty & Diet-Skin Care,http://www.qoo10.sg/shop/deals365, ,805, ,96835184,,15600142961
P2Shop,Beauty & Diet-Skin Care,http://www.qoo10.sg/shop/p2shop, ,12716, ,191683283,,15582008991
Y2 Shop,Beauty & Diet-Skin Care,http://www.qoo10.sg/shop/SYHYshop, ,4330, ,183229257,,15547622191
Xoxxe Shop,Beauty & Diet-Skin Care,http://www.qoo10.sg/shop/xoxxe, ,2, ,92389905,,15600327674
Peterandco,Beauty & Diet-Skin Care,http://www.qoo10.sg/shop/peterandco, ,761, ,191560012,,15600059863
SWISS CLUB BEAUTY LAB,Beauty & Diet-Skin Care,http://www.qoo10.sg/shop/SWISS_CLUB_BEAUTY_LAB, ,685, ,94505636,,21544244091
Beauty MIJ,Beauty & Diet-Skin Care,http://www.qoo10.sg/shop/dBeauty-MIJ, ,47, ,186996990,6583853982,15600094584
♥NBC♥♥,Beauty & Diet-Skin Care,http://www.qoo10.sg/shop/nbcbeautyshop, ,2497, ,91759775,,15529554891
JSOOP,Beauty & Diet-Skin Care,http://www.qoo10.sg/shop/jsoop, ,107, ,,,
BEAUTYNET KOREA,Beauty & Diet-Skin Care,http://www.qoo10.sg/shop/beautynetkorea, ,11509, ,99236868,,15600031884
FASHION IN TOWN ,Beauty & Diet-Skin Care,http://www.qoo10.sg/shop/fashionintown, ,1197, ,82680395,,15526897291
Q10deals,Beauty & Diet-Skin Care,http://www.qoo10.sg/shop/q10deals, ,34, ,197308552,,15585573991
Sebamed Singapore,Beauty & Diet-Skin Care,http://www.qoo10.sg/shop/sebamedsg, ,678, ,927640321,,15544814691
River Of Life,Beauty & Diet-Skin Care,http://www.qoo10.sg/shop/rol, ,53, ,193271660,,15600032032
Blackangelsgmy,Beauty & Diet-Skin Care,http://www.qoo10.sg/shop/blackangel, ,201, ,97980300,,15549680191
Make - D.I.Y. Naturally,Beauty & Diet-Skin Care,http://www.qoo10.sg/shop/make, ,5151, ,97245139,,15528325391
Jessac,Beauty & Diet-Skin Care,http://www.qoo10.sg/shop/jessac, ,118, ,91099178,,15542718791
SwanHeartX,Beauty & Diet-Skin Care,http://www.qoo10.sg/shop/SwanHeartx, ,137, ,291802776,,15557860091
SM COMMERCE,Beauty & Diet-Skin Care,http://www.qoo10.sg/shop/smcommerce, ,94, ,42622729,,15560683491
SCA*******,Beauty & Diet-Skin Care,http://www.qoo10.sg/shop/potato39, ,96, ,196923366,,15590015991
Bodyblendz SG,Beauty & Diet-Skin Care,http://www.qoo10.sg/shop/bodyblendzsg, ,55, ,192361233,,15600152655
LittleTots,Beauty & Diet-Skin Care,http://www.qoo10.sg/shop/littletots, ,3812, ,93634777,6597680375,15567218891
T.T BEAUTY (former Aram mall),Beauty & Diet-Skin Care,http://www.qoo10.sg/shop/TTbeauty, ,10678, ,34037939,,15528983391
Pharos,Beauty & Diet-Skin Care,http://www.qoo10.sg/shop/pharos, ,8397, ,34359959,,15547412591
Australia daigou,Beauty & Diet-Skin Care,http://www.qoo10.sg/shop/australiadaigao, ,53, ,93832947,,15590287591
BeautyAllin,Beauty & Diet-Skin Care,http://www.qoo10.sg/shop/BeautyAllin, ,274, ,132959394,,15548321591
KoreaBeautystars,Beauty & Diet-Skin Care,http://www.qoo10.sg/shop/121282, ,77, ,242776767,,15600351092
prettybox,Beauty & Diet-Skin Care,http://www.qoo10.sg/shop/prettybox, ,4403, ,35981945,,15565320191
Goni Global,Beauty & Diet-Skin Care,http://www.qoo10.sg/shop/GNeStore, ,23446, ,54731217,81264497707,17525474891
GUIDED,Beauty & Diet-Skin Care,http://www.qoo10.sg/shop/guided, ,7574, ,279515157,,15545549391
LuxuryGarden_KR,Beauty & Diet-Skin Care,http://www.qoo10.sg/shop/luxurygarden, ,7105, ,74372741,,15546538691
A&W TRADING,Beauty & Diet-Skin Care,http://www.qoo10.sg/shop/awtradingshop, ,50, ,93283225,,15555719691
JESSININE_SG,Beauty & Diet-Skin Care,http://www.qoo10.sg/shop/Jessie9, ,2209, ,44965885,,15600120478
Green Apple House,Beauty & Diet-Skin Care,http://www.qoo10.sg/shop/greenapplehouse, ,511, ,197767869,,15544782191
iBeaute,Beauty & Diet-Skin Care,http://www.qoo10.sg/shop/ibeaute, ,2716, ,97330848,,15528364391
Daily Mart,Beauty & Diet-Skin Care,http://www.qoo10.sg/shop/dailymart, ,121, ,291833136,6596943733,15600066853
ZORA(lwj),Beauty & Diet-Skin Care,http://www.qoo10.sg/shop/943654zxc, ,64, ,165995778,,15600316423
Beyonique,Beauty & Diet-Skin Care,http://www.qoo10.sg/shop/beyonique, ,2341, ,191382113,,15600299320
IDOLM Singapore,Beauty & Diet-Skin Care,http://www.qoo10.sg/shop/idolm, ,2122, ,91757486,,15600143072
ShopOnlineLah.com,Beauty & Diet-Skin Care,http://www.qoo10.sg/shop/shoponlinelah, ,11368, ,61006835,6561006835,15569936091
NADINE ROSE MIST SG,Beauty & Diet-Skin Care,http://www.qoo10.sg/shop/rosemist, ,1, ,181866007,,15600267893
MIJIN HOUSE~,Beauty & Diet-Skin Care,http://www.qoo10.sg/shop/mijinhouse, ,72, ,241363188,,15549753491
ONE MART SUPERMART,Beauty & Diet-Skin Care,http://www.qoo10.sg/shop/onemart, ,47927, ,190600348,6562980594,15541341091
TOSOWOONG,Beauty & Diet-Skin Care,http://www.qoo10.sg/shop/tosowoong, ,8824, ,,6531520037,
LuNaSecret,Beauty & Diet-Skin Care,http://www.qoo10.sg/shop/LuNaSecret, ,20, ,191068765,,15552159091
Celina Babe,Beauty & Diet-Skin Care,http://www.qoo10.sg/shop/Celina, ,4882, ,90888235,,15528501391
KOREAN FRIENDS,Beauty & Diet-Skin Care,http://www.qoo10.sg/shop/koreanfriends_JP_sg, ,20, ,24214770,,17559806391
skintrove,Beauty & Diet-Skin Care,http://www.qoo10.sg/shop/skintrove, ,5336, ,86128018,65,15525407191
YAITONG,Beauty & Diet-Skin Care,http://www.qoo10.sg/shop/Yaitong, ,108, ,07806770,,15546625791
WQueenmall,Beauty & Diet-Skin Care,http://www.qoo10.sg/shop/wqueenmall, ,4073, ,82010816,,15527667291
Milagro Trading,Beauty & Diet-Skin Care,http://www.qoo10.sg/shop/milagrotrading, ,494, ,91440668,6591440668,15528488991
VivaHealth Pharmacy,Beauty & Diet-Skin Care,http://www.qoo10.sg/shop/loveviva, ,2670, ,85433544,,15552661791
myfashionstory.com,Beauty & Diet-Skin Care,http://www.qoo10.sg/shop/myfashionstorycom, ,14039, ,81616767,,15525305791
Beauty Betty's Shop,Beauty & Diet-Skin Care,http://www.qoo10.sg/shop/beautybetty, ,949, ,930218901,6591097211,15551554291
Fashionhome2015,Beauty & Diet-Skin Care,http://www.qoo10.sg/shop/Fashionhome2015, ,2465, ,74271186,,15549001991
singsing,Beauty & Diet-Skin Care,http://www.qoo10.sg/shop/singsing, ,20492, ,194660127,,15544153091
sesalo,Beauty & Diet-Skin Care,http://www.qoo10.sg/shop/sesalo, ,3303, ,,,
Crystal Miracle,Beauty & Diet-Skin Care,http://www.qoo10.sg/shop/Crystal_Miracle, ,106, ,192371852,,15600260289
jsglobal,Beauty & Diet-Skin Care,http://www.qoo10.sg/shop/jsglobal, ,60, ,197059030,,15600354319
YY Online,Beauty & Diet-Skin Care,http://www.qoo10.sg/shop/YYonline, ,98, ,296635224,,15600215838
Star U,Beauty & Diet-Skin Care,http://www.qoo10.sg/shop/staru, ,271, ,396635224,,15600298794
Beauty Story SG,Beauty & Diet-Skin Care,http://www.qoo10.sg/shop/beautystorysg, ,119, ,84183662,,15550202691
Sweet Deals Shop,Beauty & Diet-Skin Care,http://www.qoo10.sg/shop/sweetdealsshop, ,281, ,191767802,,15566602691
My Pocket Saver,Beauty & Diet-Skin Care,http://www.qoo10.sg/shop/mypocketsaver, ,728, ,83135450,,15592944191
Organic Skincare,Beauty & Diet-Skin Care,http://www.qoo10.sg/shop/organicskincareshop, ,1230, ,97814483,,15547563991
Easybayshop,Beauty & Diet-Skin Care,http://www.qoo10.sg/shop/easybayshop, ,35574, ,135505668,,15543553491
boscoshop,Beauty & Diet-Skin Care,http://www.qoo10.sg/shop/boscoshop, ,147, ,68390265,,15569606391
RAY PEARLS,Beauty & Diet-Skin Care,http://www.qoo10.sg/shop/ninoriva, ,154, ,92784730,,15600028259
Goodluckshop Singapore,Beauty & Diet-Skin Care,http://www.qoo10.sg/shop/goodluckshop, ,15488, ,267220932,,15539878691
Wripples,Beauty & Diet-Skin Care,http://www.qoo10.sg/shop/Wripples, ,14756, ,198806642,,15564303891
OLLY! Beauty & Personal Care,Beauty & Diet-Skin Care,http://www.qoo10.sg/shop/ollybeauty, ,372, ,196983878,,15551972591
ATA GLOBAL SHOP,Beauty & Diet-Skin Care,http://www.qoo10.sg/shop/america, ,10687, ,87472192,,15547653191
Direct from Japan,Beauty & Diet-Skin Care,http://www.qoo10.sg/shop/qtrading-sg, ,23059, ,177044304,,15565527491
Mingoshopping,Beauty & Diet-Skin Care,http://www.qoo10.sg/shop/mingoshop, ,1534, ,81218197,6581218197,15600143542
JOY2,Beauty & Diet-Skin Care,http://www.qoo10.sg/shop/JOY2, ,4, ,,,
1004CHINGU,Beauty & Diet-Skin Care,http://www.qoo10.sg/shop/1004CHINGU, ,184, ,,,
Paul & Co,Beauty & Diet-Skin Care,http://www.qoo10.sg/shop/PaulCo, ,26, ,,,
Skinshare Singapore,Beauty & Diet-Skin Care,http://www.qoo10.sg/shop/skinsharesg, ,7, ,98753185,,15600237380
Petite Beaute,Beauty & Diet-Skin Care,http://www.qoo10.sg/shop/petitebeaute, ,1924, ,196924574,,15527890091
Nicedeal.sg,Beauty & Diet-Skin Care,http://www.qoo10.sg/shop/nicedeal, ,23041, ,67341322,,15600086468
Chubby_Online,Beauty & Diet-Skin Care,http://www.qoo10.sg/shop/chubby_online, ,61, ,396287770,,15543813991
NanoTech,Beauty & Diet-Skin Care,http://www.qoo10.sg/shop/nanotech, ,34027, ,181996688,,15540235791
PUREDERM SHOP,Beauty & Diet-Skin Care,http://www.qoo10.sg/shop/purederm, ,503, ,,,
iKnow Beauty ,Beauty & Diet-Skin Care,http://www.qoo10.sg/shop/iknowbeauty, ,257, ,68411066,,15547575391
bliv,Beauty & Diet-Skin Care,http://www.qoo10.sg/shop/blivskin, ,39, ,162060596,,15552153591
QiFa Enterprises,Beauty & Diet-Skin Care,http://www.qoo10.sg/shop/qifa, ,295, ,193855891,,15527750191
MIGUHARA,Beauty & Diet-Skin Care,http://www.qoo10.sg/shop/miguhara_JP_sg, ,220, ,49327870,,17546531891
Sindeal,Beauty & Diet-Skin Care,http://www.qoo10.sg/shop/sindeal, ,1120, ,297687200,,15545775591
JK Beauty HUB,Beauty & Diet-Skin Care,http://www.qoo10.sg/shop/JK_Beauty_Hub, ,121, ,91392948,,15559823891
Vinix Trading,Beauty & Diet-Skin Care,http://www.qoo10.sg/shop/vinixtrading, ,1, ,197340207,,15600219907
NaturalOrganic,Beauty & Diet-Skin Care,http://www.qoo10.sg/shop/NaturalOrganic, ,2224, ,283330036,6583330036,15551852691
Angel's selection,Beauty & Diet-Skin Care,http://www.qoo10.sg/shop/angelselection, ,4, ,96485848,,15583043191
Bluemoon Secrets Chamber,Beauty & Diet-Skin Care,http://www.qoo10.sg/shop/BluemoonSecretsChamber, ,12187, ,96837615,6596837615,15545468791
BEAUTYCITY,Beauty & Diet-Skin Care,http://www.qoo10.sg/shop/BEAUTYCITY_JP_sg, ,484, ,89807815,,17545174191
Style In Sale,Beauty & Diet-Skin Care,http://www.qoo10.sg/shop/Styleinsale, ,218, ,94525825,,15543777891
Little Bird Korea,Beauty & Diet-Skin Care,http://www.qoo10.sg/shop/littlebirdkorea, ,0, ,132829340,,15600410952
Fortunai,Beauty & Diet-Skin Care,http://www.qoo10.sg/shop/fortuna_i, ,832, ,187159230,,15581497691
JK TEAM FASHION,Beauty & Diet-Skin Care,http://www.qoo10.sg/shop/Jkteamfashion, ,36, ,97257349,,15558109891
BABY FACE COSMETIC,Beauty & Diet-Skin Care,http://www.qoo10.sg/shop/Blue3818_JP_sg, ,4502, ,20351259,,17569926391
PinkTreasure,Beauty & Diet-Skin Care,http://www.qoo10.sg/shop/pinktreasure, ,1267, ,290601649,,15582166991
FANTASKIN,Beauty & Diet-Skin Care,http://www.qoo10.sg/shop/fantaskin, ,769, ,155212188,,15600238482
GiftsMaster,Beauty & Diet-Skin Care,http://www.qoo10.sg/shop/giftsmaster, ,28, ,297461268,,15582875891
TheMaskMuse,Beauty & Diet-Skin Care,http://www.qoo10.sg/shop/makmuse, ,0, ,192265413,,15600408411
GCO,Beauty & Diet-Skin Care,http://www.qoo10.sg/shop/GCO, ,5722, ,,,
theprettyfacesg,Beauty & Diet-Skin Care,http://www.qoo10.sg/shop/theprettyfacesg, ,1023, ,91006551,,15566962191
GOOD.VALUE,Beauty & Diet-Skin Care,http://www.qoo10.sg/shop/goodvalue_US_sg, ,2, ,185807726,,19600247952
Passion Living,Beauty & Diet-Skin Care,http://www.qoo10.sg/shop/PassionLiving, ,26640, ,191814105,,15549920891
Pfect M&S,Beauty & Diet-Skin Care,http://www.qoo10.sg/shop/pfect, ,24, ,96396252,6596396252,15581582391
NO.1 SHOP,Beauty & Diet-Skin Care,http://www.qoo10.sg/shop/NO1shop, ,4282, ,284681783,,15528846891
Hey Skin,Beauty & Diet-Skin Care,http://www.qoo10.sg/shop/heyskin, ,4760, ,,,
Robot Shop,Beauty & Diet-Skin Care,http://www.qoo10.sg/shop/robot, ,1295, ,96236178,,15551258591
Why Pay More ????,Beauty & Diet-Skin Care,http://www.qoo10.sg/shop/whypaymore, ,14, ,92999982,,15541675391
Mr.Plutomall,Beauty & Diet-Skin Care,http://www.qoo10.sg/shop/plutomall, ,31, ,192769593,,15549595091
Globalworkz,Beauty & Diet-Skin Care,http://www.qoo10.sg/shop/globalworkz, ,2294, ,98318488,6598318488,15548263991
Winter Organics,Beauty & Diet-Skin Care,http://www.qoo10.sg/shop/winterorganics, ,80, ,183883084,,15563362891
Qoo10.my,Beauty & Diet-Skin Care,http://www.qoo10.sg/shop/MYexpress, ,4110, ,,,
TrueShop,Beauty & Diet-Skin Care,http://www.qoo10.sg/shop/trueshop, ,157, ,85966246,,15560310591
DearBeauty10 DearBeauty 10 HERBALIFE SKI,Beauty & Diet-Skin Care,http://www.qoo10.sg/shop/dearbeauty10, ,571, ,11831919,,18600345366
KCM,Beauty & Diet-Skin Care,http://www.qoo10.sg/shop/flatana, ,2808, ,,,
kmaket,Beauty & Diet-Skin Care,http://www.qoo10.sg/shop/wmarket_US_sg, ,5, ,294635297,,19600334087
BlueGate,Beauty & Diet-Skin Care,http://www.qoo10.sg/shop/bluegate, ,41, ,81669726,,15544355291
COREABAY,Beauty & Diet-Skin Care,http://www.qoo10.sg/shop/coreabay, ,12037, ,229013348,,15588648891
BeaconsHealth,Beauty & Diet-Skin Care,http://www.qoo10.sg/shop/BeaconsHealth, ,5277, ,162652336,,15600291048
WALLOFGOODS,Beauty & Diet-Skin Care,http://www.qoo10.sg/shop/Wallofgoods, ,0, ,,,
Cosmetics Now,Beauty & Diet-Skin Care,http://www.qoo10.sg/shop/cosmeticsnow, ,3265, ,54309340,,15550577791
Fantasy Pieces,Beauty & Diet-Skin Care,http://www.qoo10.sg/shop/fantasypieces, ,13, ,97630704,,15600038541
Gobulk,Beauty & Diet-Skin Care,http://www.qoo10.sg/shop/gobulk, ,21042, ,82686829,,15549593491
ASTORE,Beauty & Diet-Skin Care,http://www.qoo10.sg/shop/AstoreTTmask, ,7420, ,191143837,,15600014417
Genki-coffee,Beauty & Diet-Skin Care,http://www.qoo10.sg/shop/genki-coffee_JP_sg, ,61, ,63162048,81804763467,17541990091
Korea Point Store韩妆壹号店,Beauty & Diet-Skin Care,http://www.qoo10.sg/shop/koreapoint, ,52, ,86065282,,15565399391
U Scents,Beauty & Diet-Skin Care,http://www.qoo10.sg/shop/Uscents, ,1404, ,91060388,,15600016336
MOLYQ,Beauty & Diet-Skin Care,http://www.qoo10.sg/shop/MOLYQ, ,804, ,191167727,,15600274271
Beautydealsg,Beauty & Diet-Skin Care,http://www.qoo10.sg/shop/BeautydealSG, ,6555, ,291890646,,15600262917
peachcosmetics,Beauty & Diet-Skin Care,http://www.qoo10.sg/shop/peachcosmetics, ,12, ,,,
PMK Outlet,Beauty & Diet-Skin Care,http://www.qoo10.sg/shop/PMK, ,5, ,81880506,,15551826791
Tonymoly Official E-Store,Beauty & Diet-Skin Care,http://www.qoo10.sg/shop/tonymolysg, ,11491, ,291167727,,15600391293
I love Rilakkuma!,Beauty & Diet-Skin Care,http://www.qoo10.sg/shop/iloverilakkuma, ,187, ,96909826,,15584550891
